<edmx:Edmx xmlns:edmx="http://schemas.microsoft.com/ado/2007/06/edmx"
	xmlns:m="http://schemas.microsoft.com/ado/2007/08/dataservices/metadata" xmlns:sap="http://www.sap.com/Protocols/SAPData" Version="1.0">
	<edmx:Reference xmlns:edmx="http://docs.oasis-open.org/odata/ns/edmx"
		Uri="./IWFND/CATALOGSERVICE;v=2/Vocabularies(TechnicalName='%2FIWBEP%2FVOC_COMMON',Version='0001',SAP__Origin='ECC_CA_RETAIL')/$value"><edmx:Include Namespace="com.sap.vocabularies.Common.v1"/></edmx:Reference>
	<edmx:Reference xmlns:edmx="http://docs.oasis-open.org/odata/ns/edmx"
		Uri="./IWFND/CATALOGSERVICE;v=2/Vocabularies(TechnicalName='%2FIWBEP%2FVOC_CORE',Version='0001',SAP__Origin='ECC_CA_RETAIL')/$value"><edmx:Include Namespace="Org.OData.Core.V1"/></edmx:Reference>
	<edmx:DataServices m:DataServiceVersion="2.0">
		<Schema xmlns="http://schemas.microsoft.com/ado/2008/09/edm" Namespace="YDRTV_RTV_VIEW3_SRV" xml:lang="en" sap:schema-version="1">
			<EntityType Name="Comment" sap:content-version="1">
				<Key><PropertyRef Name="LABEL_NUM"/><PropertyRef Name="WERKS"/><PropertyRef Name="COMMENT_TYPE"/></Key><Property Name="LABEL_NUM" Type="Edm.String" Nullable="false"/><Property Name="WERKS" Type="Edm.String" Nullable="false"/><Property Name="COMMENT_TYPE" Type="Edm.String" Nullable="false"/><Property Name="COMMENT_DESC" Type="Edm.String"/><Property Name="COMMENTS" Type="Edm.String"/></EntityType>
			<EntityType Name="DeleteReason" sap:content-version="1">
				<Key><PropertyRef Name="Code"/></Key><Property Name="Code" Type="Edm.String" Nullable="false" MaxLength="3"/><Property Name="Description" Type="Edm.String" MaxLength="60"/></EntityType>
			<EntityType Name="Email" sap:content-version="1">
				<Key><PropertyRef Name="LABEL_NUM"/><PropertyRef Name="WERKS"/></Key><Property Name="LABEL_NUM" Type="Edm.String" Nullable="false" MaxLength="17"/><Property Name="WERKS" Type="Edm.String" Nullable="false" MaxLength="4"/><Property Name="DATE_SENT" Type="Edm.String"/><Property Name="TIME_SENT" Type="Edm.Time" Precision="0"/><Property Name="ERNAM" Type="Edm.String" MaxLength="12"/><Property Name="FROM_EMAIL" Type="Edm.String" MaxLength="241"/><Property Name="TO_EMAIL" Type="Edm.String" MaxLength="241"/><Property Name="STATUS" Type="Edm.String" MaxLength="2"/><Property Name="DESCRIPTION" Type="Edm.String" MaxLength="60"/><Property Name="MSG_TYPE" Type="Edm.String" MaxLength="1"/><Property Name="MESSAGE" Type="Edm.String" MaxLength="220"/></EntityType>
			<EntityType Name="History" sap:content-version="1">
				<Key><PropertyRef Name="LABEL_NUM"/><PropertyRef Name="WERKS"/></Key><Property Name="LABEL_NUM" Type="Edm.String" Nullable="false" MaxLength="17"/><Property Name="WERKS" Type="Edm.String" Nullable="false" MaxLength="4"/><Property Name="USERNAME" Type="Edm.String" MaxLength="12"/><Property Name="UDATE" Type="Edm.String"/><Property Name="UTIME" Type="Edm.Time" Precision="0"/><Property Name="FNAME" Type="Edm.String" MaxLength="30"/><Property Name="FTEXT" Type="Edm.String" MaxLength="60"/><Property Name="F_OLD" Type="Edm.String" MaxLength="254"/><Property Name="F_NEW" Type="Edm.String" MaxLength="254"/></EntityType>
			<EntityType Name="Label" sap:content-version="1">
				<Key><PropertyRef Name="LABEL_NUM"/><PropertyRef Name="WERKS"/></Key><Property Name="CARRIER" Type="Edm.String" MaxLength="10"/><Property Name="CARRIER_NAME" Type="Edm.String" Nullable="false" MaxLength="35"/><Property Name="LABEL_NUM" Type="Edm.String" Nullable="false" MaxLength="17"/><Property Name="WERKS" Type="Edm.String" Nullable="false" MaxLength="4"/><Property Name="MATNR" Type="Edm.String" MaxLength="18"/><Property Name="MAKTX" Type="Edm.String" MaxLength="40"/><Property Name="EAN11" Type="Edm.String" MaxLength="18"/><Property Name="MENGE" Type="Edm.Decimal" Precision="13" Scale="3"/><Property Name="MEINS" Type="Edm.String" MaxLength="3"/><Property Name="ORIGIN_COD" Type="Edm.String" MaxLength="3"/><Property Name="STATUS" Type="Edm.String" MaxLength="3"/><Property Name="STATUS_DESC" Type="Edm.String" MaxLength="40"/><Property Name="LABEL_COLOR" Type="Edm.String" MaxLength="1"/><Property Name="LIFNR" Type="Edm.String" MaxLength="10"/><Property Name="LIFNR_NAME" Type="Edm.String" MaxLength="35"/><Property Name="MET_VENDOR" Type="Edm.String" MaxLength="1"/><Property Name="REASON_CODE" Type="Edm.String" MaxLength="2"/><Property Name="REASON_CODE_DESC" Type="Edm.String" MaxLength="40"/><Property Name="DEL_RSN_COD" Type="Edm.String" MaxLength="2"/><Property Name="DEL_RSN_COD_DESC" Type="Edm.String" MaxLength="40"/><Property Name="DISP_COD" Type="Edm.String" MaxLength="2"/><Property Name="DISP_COD_DESC" Type="Edm.String" MaxLength="40"/><Property Name="DISP_ACT_COD" Type="Edm.String" MaxLength="2"/><Property Name="DISP_ACT_COD_DESC" Type="Edm.String" MaxLength="40"/><Property Name="REV_DISP_COD" Type="Edm.String" MaxLength="2"/><Property Name="REV_DISP_COD_DESC" Type="Edm.String" MaxLength="40"/><Property Name="PRICE" Type="Edm.Decimal" Precision="11" Scale="2"/><Property Name="VTWEG" Type="Edm.String" MaxLength="2"/><Property Name="ITEM_COST" Type="Edm.Decimal" Precision="11" Scale="2"/><Property Name="CURRENCY" Type="Edm.String" MaxLength="5"/><Property Name="RGA_NUM" Type="Edm.String" MaxLength="35"/><Property Name="RTV_LOC" Type="Edm.String" MaxLength="25"/><Property Name="COM_EBELN" Type="Edm.String" MaxLength="10"/><Property Name="COM_VBELN" Type="Edm.String" MaxLength="10"/><Property Name="REF_VBELN" Type="Edm.String" MaxLength="10"/><Property Name="TRACKING" Type="Edm.String" MaxLength="10"/><Property Name="ERDAT" Type="Edm.String"/><Property Name="AEDAT" Type="Edm.String"/><Property Name="DUE_DATE" Type="Edm.String"/><Property Name="DEL_ENABLE" Type="Edm.String" MaxLength="1"/><Property Name="COMMENTS" Type="Edm.String" MaxLength="255"/><Property Name="COMMENTS_COM" Type="Edm.String" MaxLength="255"/><Property Name="COMMENTS_POS" Type="Edm.String" MaxLength="255"/><Property Name="COMMENTS_DEL" Type="Edm.String" MaxLength="255"/><Property Name="IMAGEURL" Type="Edm.String" MaxLength="255"/><Property Name="COM_VBELP" Type="Edm.String" MaxLength="6"/><Property Name="POS_REG_NO" Type="Edm.String" MaxLength="5"/><Property Name="POS_TRANS_ID" Type="Edm.String" MaxLength="16"/><Property Name="POS_USER_ID" Type="Edm.String" MaxLength="24"/><Property Name="RGA_REQ_FLG" Type="Edm.String" MaxLength="1"/><Property Name="COM_EBELP" Type="Edm.String" MaxLength="5"/><Property Name="RGA_APPRVD_FLG" Type="Edm.String" MaxLength="1"/><Property Name="SHIP_ID" Type="Edm.String" MaxLength="10"/><Property Name="SHIP_CONFIRM_FLG" Type="Edm.String" MaxLength="1"/><Property Name="VERIFIED_RSN_COD" Type="Edm.String" MaxLength="2"/><Property Name="RGA_QTY" Type="Edm.Decimal" Precision="13" Scale="3"/><Property Name="INSPECTED_FLG" Type="Edm.String" MaxLength="1"/><Property Name="DENIED_QTY" Type="Edm.Decimal" Precision="13" Scale="3"/><Property Name="INSP_REQ_FLG" Type="Edm.String" MaxLength="1"/><Property Name="TIMESTAMP" Type="Edm.DateTime" Precision="0" sap:label="Time Stamp"/><Property Name="RETURNS_EBELN" Type="Edm.String" MaxLength="10"/><Property Name="RETURNS_EBELP" Type="Edm.String" Nullable="false" MaxLength="5"/></EntityType>
			<EntityType Name="LabelTrackNum" sap:content-version="1">
				<Key><PropertyRef Name="LABEL_NUM"/><PropertyRef Name="WERKS"/><PropertyRef Name="TRACK_NUM"/></Key><Property Name="LABEL_NUM" Type="Edm.String" Nullable="false" MaxLength="17"/><Property Name="WERKS" Type="Edm.String" Nullable="false" MaxLength="4"/><Property Name="TRACK_NUM" Type="Edm.String" Nullable="false" MaxLength="30"/></EntityType>
			<EntityType Name="Msg_Return" sap:content-version="1">
				<Key><PropertyRef Name="TYPE"/></Key><Property Name="TYPE" Type="Edm.String" Nullable="false" MaxLength="1"/><Property Name="MESSAGE" Type="Edm.String" MaxLength="1000"/></EntityType>
			<EntityType Name="Origin" sap:content-version="1">
				<Key><PropertyRef Name="Code"/></Key><Property Name="Code" Type="Edm.String" Nullable="false" MaxLength="3"/><Property Name="Description" Type="Edm.String" MaxLength="60"/></EntityType>
			<EntityType Name="Search" sap:content-version="1">
				<Key><PropertyRef Name="ID"/></Key><Property Name="MATNR" Type="Edm.String" MaxLength="18"/><Property Name="CodeOrigin" Type="Edm.String" MaxLength="3"/><Property Name="CodeStatus" Type="Edm.String" MaxLength="3"/><Property Name="LIFNR" Type="Edm.String" MaxLength="10"/><Property Name="LabelNum" Type="Edm.String" MaxLength="17"/><Property Name="Erdat1" Type="Edm.String" MaxLength="10"/><Property Name="Erdat2" Type="Edm.String" MaxLength="10"/><Property Name="ID" Type="Edm.String" Nullable="false" MaxLength="1"/></EntityType>
			<EntityType Name="Status" sap:content-version="1">
				<Key><PropertyRef Name="Code"/></Key><Property Name="Code" Type="Edm.String" Nullable="false" MaxLength="3"/><Property Name="Description" Type="Edm.String" MaxLength="60"/></EntityType>
			<EntityType Name="Vendor" sap:content-version="1">
				<Key><PropertyRef Name="LIFNR"/></Key><Property Name="LIFNR" Type="Edm.String" Nullable="false" MaxLength="10"/><Property Name="NAME1" Type="Edm.String" MaxLength="35"/><Property Name="ORT01" Type="Edm.String" MaxLength="35"/></EntityType>
			<EntityContainer Name="YDRTV_RTV_VIEW3_SRV_Entities" m:IsDefaultEntityContainer="true" sap:supported-formats="atom json xlsx"><EntitySet Name="CommentSet" EntityType="YDRTV_RTV_VIEW3_SRV.Comment" sap:content-version="1"/><EntitySet Name="DeleteReasonSet" EntityType="YDRTV_RTV_VIEW3_SRV.DeleteReason" sap:content-version="1"/><EntitySet Name="EmailSet" EntityType="YDRTV_RTV_VIEW3_SRV.Email" sap:content-version="1"/><EntitySet Name="HistorySet" EntityType="YDRTV_RTV_VIEW3_SRV.History" sap:content-version="1"/><EntitySet Name="LabelSet" EntityType="YDRTV_RTV_VIEW3_SRV.Label" sap:content-version="1"/><EntitySet Name="LabelTrackNumSet" EntityType="YDRTV_RTV_VIEW3_SRV.LabelTrackNum" sap:content-version="1"/><EntitySet Name="Msg_ReturnSet" EntityType="YDRTV_RTV_VIEW3_SRV.Msg_Return" sap:content-version="1"/><EntitySet Name="OriginSet" EntityType="YDRTV_RTV_VIEW3_SRV.Origin" sap:content-version="1"/><EntitySet Name="SearchSet" EntityType="YDRTV_RTV_VIEW3_SRV.Search" sap:content-version="1"/><EntitySet Name="StatusSet" EntityType="YDRTV_RTV_VIEW3_SRV.Status" sap:content-version="1"/><EntitySet Name="VendorSet" EntityType="YDRTV_RTV_VIEW3_SRV.Vendor" sap:content-version="1"/>
				<FunctionImport Name="DELETE_LABEL" ReturnType="YDRTV_RTV_VIEW3_SRV.Label" EntitySet="LabelSet" m:HttpMethod="GET"
					sap:action-for="YDRTV_RTV_VIEW3_SRV.Label"><Parameter Name="WERKS" Type="Edm.String" Mode="In" MaxLength="4"/><Parameter Name="TIMESTAMP" Type="Edm.DateTime" Mode="In" Precision="0"/><Parameter Name="LABEL_NUM" Type="Edm.String" Mode="In" MaxLength="17"/><Parameter Name="DEL_RSN_COD" Type="Edm.String" Mode="In" MaxLength="2"/><Parameter Name="COMMENTS" Type="Edm.String" Mode="In" MaxLength="1000"/></FunctionImport>
			</EntityContainer><atom:link xmlns:atom="http://www.w3.org/2005/Atom" rel="self" href="./sap/YDRTV_RTV_VIEW3_SRV/$metadata"/><atom:link xmlns:atom="http://www.w3.org/2005/Atom" rel="latest-version" href="./sap/YDRTV_RTV_VIEW3_SRV/$metadata"/></Schema>
	</edmx:DataServices>
</edmx:Edmx>