{
	"vendorList" : [{
		"dueDate" : "20160824",
		"shipmentId" : "310858",
		"vendor" : "Acme Co.",
		"num" : "1231313",
		"totalCost" : "$433",
		"pickupDate" : "",
		"count" : "4",
		"pendingScan" : [{
				"rtvLabel" : "98182546739274839",
				"articleDesc" : "Mower side bag assembly (mm575)",
				"articleId" : "1000102554",
				"qty" : "7",
				"uom" : "EA",
				"totalCost" : "$77",
				"weight" : "4"
			},
			{
				"rtvLabel" : "98181546739274839",
				"articleDesc" : "Fresoze 0 biscuits - 50/polybag",
				"articleId" : "1000102554",
				"qty" : "32",
				"uom" : "EA",
				"totalCost" : "$67",
				"weight" : "4"
			}
		],
		"scanLabels" : [{
				"rtvLabel" : "98181546739274839",
				"articleDesc" : "Supportbrackets2/bag",
				"articleId" : "1000102554",
				"pickupDate" : "",
				"qty" : "1",
				"uom" : "EA",
				"totalCost" : "$189",
				"weight" : "4"
			},
			{
				"rtvLabel" : "98181546739274839",
				"articleDesc" : "Ridgid 2 in1vacw/bonusbag - sb",
				"articleId" : "1000102554",
				"pickupDate" : "",
				"qty" : "5",
				"uom" : "EA",
				"totalCost" : "$100",
				"weight" : ""
			}
		]
	},
	{
		"dueDate" : "20160801",
		"shipmentId":"310854",
		"vendor":"Quick Style",
		"num":"10820",
		"totalCost":"$227",
		"pickupDate":"",
		"count":"2",
		"pendingScan" :[{
				"rtvLabel" : "98183546739274839",
				"articleDesc" : "1/2 Half clamp wnail (100/bag)",
				"articleId" : "1000102554",
				"qty" : "12",
				"uom" : "EA",
				"totalCost" : "$127",
				"weight" : ""
			},
			{
				"rtvLabel" : "98181546739274839",
				"articleDesc" : "Toilet Repair Kit",
				"articleId" : "1000102554",
				"qty" : "1",
				"uom" : "EA",
				"totalCost" : "$100",
				"weight" : "4"
			}
			],
		"scanLabels" : []
	},
	{
		"dueDate" : "20160824",
		"shipmentId":"310532",
		"vendor":"Acme Co.",
		"num":"1231313",
		"totalCost":"$200",
		"pickupDate":"10/01/2016",
		"count":"2",
		"pendingScan" :[],
		"scanLabels" : [{
				"rtvLabel" : "98182536739274675",
				"articleDesc" : "1/2 Half clamp wnail (100/bag)",
				"articleId" : "1000101554",
				"qty" : "16",
				"uom" : "EA",
				"totalCost" : "$122",
				"weight" : "4"
			},{
				"rtvLabel" : "98181536739274372",
				"articleDesc" : "Toilet Repair Kit",
				"articleId" : "1000101894",
				"qty" : "4",
				"uom" : "EA",
				"totalCost" : "$78",
				"weight" : "5"
			}]
	},
	{
		"dueDate" : "20161026",
		"shipmentId":"310452",
		"vendor":"Acme Co.",
		"num":"1231313",
		"totalCost":"$543",
		"pickupDate":"",
		"count":"6",
		"pendingScan" : [],
		"scanLabels" : [{
				"rtvLabel" : "98181546739274839",
				"articleDesc" : "Fresoze 0 biscuits - 50/polybag",
				"articleId" : "1000102554",
				"qty" : "32",
				"uom" : "EA",
				"totalCost" : "$67",
				"weight" : ""
			},{
				"rtvLabel" : "98182546739274839",
				"articleDesc" : "Mower side bag assembly (mm575)",
				"articleId" : "1000102554",
				"qty" : "7",
				"uom" : "EA",
				"totalCost" : "$77",
				"weight" : "4"
			},{
				"rtvLabel" : "98181546739274839",
				"articleDesc" : "Supportbrackets2/bag",
				"articleId" : "1000102554",
				"qty" : "1",
				"uom" : "EA",
				"totalCost" : "$189",
				"weight" : "12345.67"
			},
			{
				"rtvLabel" : "98181546739274839",
				"articleDesc" : "Ridgid 2 in1vacw/bonusbag - sb",
				"articleId" : "1000102554",
				"qty" : "5",
				"uom" : "EA",
				"totalCost" : "$100",
				"weight" : ""
			},
			{
				"rtvLabel" : "98183546739274839",
				"articleDesc" : "1/2 Half clamp wnail (100/bag)",
				"articleId" : "1000102554",
				"qty" : "12",
				"uom" : "EA",
				"totalCost" : "$127",
				"weight" : ""
			},
			{
				"rtvLabel" : "98181546739274839",
				"articleDesc" : "Toilet Repair Kit",
				"articleId" : "1000102554",
				"qty" : "1",
				"uom" : "EA",
				"totalCost" : "$100",
				"weight" : "4"
			}
		]
	},
	{
		"dueDate" : "20160824",
		"shipmentId" : "310456",
		"vendor" : "Acme Co.",
		"num" : "1231313",
		"totalCost" : "$261",
		"pickupDate" : "11/01/2016",
		"count" : "3",
		"pendingScan" : [],
		"scanLabels" : [{
				"rtvLabel" : "98182546739274431",
				"articleDesc" : "Fresoze 0 biscuits - 50/polybag",
				"articleId" : "1000102554",
				"qty" : "1",
				"uom" : "EA",
				"totalCost" : "$183",
				"weight" : "6"
			},{
				"rtvLabel" : "98181546739274327",
				"articleDesc" : "Supportbrackets2/bag",
				"articleId" : "1000102554",
				"qty" : "1",
				"uom" : "EA",
				"totalCost" : "$29",
				"weight" : "2"
			},{
				"rtvLabel" : "98181546739273426",
				"articleDesc" : "Toilet Repair Kit",
				"articleId" : "1000102554",
				"qty" : "1",
				"uom" : "EA",
				"totalCost" : "$49",
				"weight" : "3"
			}]
	},
	{
		"dueDate" : "20160824",
		"shipmentId" : "310962",
		"vendor" : "Acme Co.",
		"num" : "1231313",
		"totalCost" : "$189",
		"pickupDate" : "12/01/2016",
		"count" : "1",
		"pendingScan" : [],
		"scanLabels" : [{
				"rtvLabel" : "98181546739274839",
				"articleDesc" : "Supportbrackets2/bag",
				"articleId" : "1000102554",
				"qty" : "1",
				"uom" : "EA",
				"totalCost" : "$189",
				"weight" : "4"
			}]
	},
	{
		"dueDate" : "20160824",
		"shipmentId" : "310157",
		"vendor" : "Quick Style",
		"num" : "10820",
		"totalCost" : "$277",
		"pickupDate" : "12/01/2016",
		"count" : "5",
		"pendingScan" : [],
		"scanLabels" : [{
				"rtvLabel" : "98181546739764536",
				"articleDesc" : "Supportbrackets2/bag",
				"articleId" : "1000102354",
				"qty" : "1",
				"uom" : "EA",
				"totalCost" : "$29",
				"weight" : "7"
			},{
				"rtvLabel" : "98181546739876567",
				"articleDesc" : "Toilet Repair Kit",
				"articleId" : "1000102554",
				"qty" : "5",
				"uom" : "EA",
				"totalCost" : "$93",
				"weight" : "2"
			},{
				"rtvLabel" : "98181546739274984",
				"articleDesc" : "1/2 Half clamp wnail",
				"articleId" : "1000102554",
				"qty" : "1",
				"uom" : "EA",
				"totalCost" : "$19",
				"weight" : "1"
			},{
				"rtvLabel" : "98181546798675456",
				"articleDesc" : "Fresoze 0 biscuits - 50/polybag",
				"articleId" : "1000102954",
				"qty" : "2",
				"uom" : "EA",
				"totalCost" : "$47",
				"weight" : "4"
			},{
				"rtvLabel" : "98181546739223476",
				"articleDesc" : "Supportbrackets2/bag",
				"articleId" : "1000102554",
				"qty" : "1",
				"uom" : "EA",
				"totalCost" : "$89",
				"weight" : "4"
			}]
	},
	{
		"dueDate" : "20160824",
		"shipmentId" : "310157",
		"vendor" : "Acme Co.",
		"num" : "1231313",
		"totalCost" : "$288",
		"pickupDate" : "12/01/2016",
		"count" : "3",
		"pendingScan" : [],
		"scanLabels" : [{
				"rtvLabel" : "98182546739277865",
				"articleDesc" : "Fresoze 0 biscuits - 50/polybag",
				"articleId" : "1000112569",
				"qty" : "3",
				"uom" : "EA",
				"totalCost" : "$79",
				"weight" : "7"
			},{
				"rtvLabel" : "98181546739563425",
				"articleDesc" : "1/2 Half clamp wnail",
				"articleId" : "1000102574",
				"qty" : "1",
				"uom" : "EA",
				"totalCost" : "$142",
				"weight" : "12"
			},{
				"rtvLabel" : "98183546739278564",
				"articleDesc" : "Supportbrackets2/bag",
				"articleId" : "1000102554",
				"qty" : "9",
				"uom" : "EA",
				"totalCost" : "$67",
				"weight" : "4"
			}]
	}],
	"awaitingList" : [ {
			"dueDate" : "20160724",
			"vendor" : "Oatey Canada Inc.",
			"vendorId" : "11197",
			"MET" : "No",
			"cost" : "$353",
			"vendorMinimun" : "$200",
			"status" : "Successfully transmitted",
			"labelsProcessed": "0/2",
			"articles":[
						{
							"imageUrl": "images/article1.png",
							"artivleDesc":"Brown Tile CV",
							"articleId":"1000123456",
							"qty":"2 EA",
							"price":"$10.97",
							"label":"98182344100200300",
							"disposition":"Return for Credit Defective",
							"processed":"No"
						},
						{
							"imageUrl": "images/article2.png",
							"artivleDesc":"Toilet Repair Kit",
							"articleId":"1000149490",
							"qty":"1 EA",
							"price":"$14.99",
							"label":"98181233009009008",
							"disposition":"Destroy for credit ",
							"processed":"No"
						}
				]
		}, {
			"dueDate" : "20160725",
			"vendor" : "Thomas & BettsLtd",
			"vendorId" : "10820",
			"MET" : "Yes",
			"cost" : "$782",
			"vendorMinimun" : "$500",
			"status" : "Email address does not exist",
			"labelsProcessed": "0/5",
			"articles":[
					{
							"imageUrl": "images/article2.png",
							"artivleDesc":"2x8x12 Preminum cedars d",
							"articleId":"1000100095",
							"qty":"35 EA",
							"price":"$5",
							"label":"98181138464839257",
							"disposition":"Return for Credit Defective",
							"processed":"No"
						},
						{
							"imageUrl": "images/article1.png",
							"artivleDesc":"4x4x10 Premium cedar post mha",
							"articleId":"1000100115",
							"qty":"1 EA",
							"price":"$19.99",
							"label":"98182138464839257",
							"disposition":"Destroy for credit",
							"processed":"No"
						},
						{
							"imageUrl": "images/article2.png",
							"artivleDesc":"1x6x5 Cedar fence bd123999",
							"articleId":"1000100122",
							"qty":"2 EA",
							"price":"$5.57",
							"label":"98181138464839254",
							"disposition":"Return for Credit Non Defective",
							"processed":"No"
						},
						{
							"imageUrl": "images/article3.png",
							"artivleDesc":"Selected cedar S4s",
							"articleId":"1000100122",
							"qty":"1 EA",
							"price":"$109.97",
							"label":"98182668464839257",
							"disposition":"Destroy for credit ",
							"processed":"No"
						},
						{
							"imageUrl": "images/article1.png",
							"artivleDesc":"1x6x6 Cedar fence Bd",
							"articleId":"1000100124",
							"qty":"4 EA",
							"price":"$1.97",
							"label":"98181138464839259",
							"disposition":"Destroy for credit ",
							"processed":"No"
						}
						
				]
		}, {
			"dueDate" : "20160726",
			"vendor" : "Alexandria Moulding",
			"vendorId" : "10428",
			"MET" : "No",
			"cost" : "$486",
			"vendorMinimun" : "",
			"status" : "Partial RTV worksheet processed",
			"labelsProcessed": "1/3",
			"articles":[
						{
							"imageUrl": "images/article3.png",
							"artivleDesc":"1'' Daimeter Felt Pad",
							"articleId":"1000100107",
							"qty":"1 EA",
							"price":"$1.99",
							"label":"98182138400039257",
							"disposition":"Return for Credit Defective",
							"processed":"No"
						},
							{
							"imageUrl": "images/article2.png",
							"artivleDesc":"1'' Daimeter Felt Pad",
							"articleId":"1000100107",
							"qty":"2 EA",
							"price":"$7.99",
							"label":"98182138464839257",
							"disposition":"Destroy for credit ",
							"processed":"Yes"
						},
							{
							"imageUrl": "images/article1.png",
							"artivleDesc":"Plastic Appliance Roller",
							"articleId":"1000100108",
							"qty":"1 EA",
							"price":"$8.49",
							"label":"98181000200300455",
							"disposition":"Return for Credit Non Defective",
							"processed":"No"
						}
				]
		},
		{
			"dueDate" : "20160723",
			"vendor" : "Black & Decker Cad",
			"vendorId" : "10820",
			"MET" : "No",
			"cost" : "$400",
			"vendorMinimun" : "$500",
			"status" : "Awaiting Vendor Minimum",
			"labelsProcessed": "",
			"articles":[]
		},
		{
			"dueDate" : "20160723",
			"vendor" : "Black & Decker Cad",
			"vendorId" : "10820",
			"MET" : "No",
			"cost" : "$234",
			"vendorMinimun" : "$500",
			"status" : "Awaiting Vendor Minimum",
			"labelsProcessed": "",
			"articles":[]
		}
	],

	"floorList" : {
		"scannedLabels" : [{
				"dueDate" : "20160723",
				"rtvLabel" : "98181546739274839",
				"articleDesc" : "Mower side bag assembly (mm575)",
				"articleId" : "1000100524",
				"qty" : "32 EA",
				"totalCost" : "$100",
				"warning" : false,
				"selectAll" : "",
				"class" : "redLabelWorklist"
			}, {
				"dueDate" : "20160724",
				"rtvLabel" : "98182846739274839",
				"articleDesc" : "1/2 Half clamp wnail (100/bag)",
				"articleId" : "1000100769",
				"qty" : "32 EA",
				"totalCost" : "$100",
				"warning" : true,
				"selectAll" : "",
				"class" : "yellowLabel"
			}, {
				"dueDate" : "20160725",
				"rtvLabel" : "98181546739274839",
				"articleDesc" : "Car 3/4pvc con. clamp5/bag",
				"articleId" : "1000100974",
				"qty" : "32 EA",
				"totalCost" : "$100",
				"warning" : false,
				"selectAll" : "",
				"class" : "redLabelWorklist"
			}, {
				"dueDate" : "20160726",
				"rtvLabel" : "98181546739274839",
				"articleDesc" : "Supportbrackets2/bag",
				"articleId" : "1000101273",
				"qty" : "32 EA",
				"totalCost" : "$100",
				"warning" : true,
				"selectAll" : "",
				"class" : "redLabelWorklist"
			}, {
				"dueDate" : "20160727",
				"rtvLabel" : "98181546739274839",
				"articleDesc" : "Ridgid 2 in1vacw/bonusbag - sb",
				"articleId" : "1000101445",
				"qty" : "32 EA",
				"totalCost" : "$100",
				"warning" : false,
				"selectAll" : "",
				"class" : "redLabelWorklist"
			}, {
				"dueDate" : "20160728",
				"rtvLabel" : "98182368739274839",
				"articleDesc" : "2 Hole strap galv.21/2",
				"articleId" : "1000102357",
				"qty" : "32 EA",
				"totalCost" : "$100",
				"warning" : false,
				"selectAll" : "",
				"class" : "yellowLabel"
			}
		],
		"pendingScan" : [{
				"dueDate" : "20160729",
				"rtvLabel" : "98181546739274839",
				"articleDesc" : "Fresoze 0 biscuits - 50/polybag",
				"articleId" : "1000102554",
				"qty" : "32 EA",
				"totalCost" : "$100"
			}, {
				"dueDate" : "20160730",
				"rtvLabel" : "98182368739274839",
				"articleDesc" : "Fabric garden staples 10/bag",
				"articleId" : "1000103333",
				"qty" : "32 EA",
				"totalCost" : "$100"
			}
		]
	}
}