{
	"selectedKey": "",

	"navigation": [
		{
			"titleI18nKey": "Home",
			"icon": "sap-icon://home",
			"expanded": true,
			"key": ""
		},
		{
			"titleI18nKey": "BackToSearch",
			"icon": "sap-icon://settings",
			"expanded": false,
			"key": "BackToSearch"
		},
		{
			"titleI18nKey": "VerifyItems",
			"icon": "sap-icon://line-chart",
			"expanded": false,
			"key": "VerifyItems"
		},
		{
			"titleI18nKey": "Shipment",
			"icon": "sap-icon://line-chart",
			"expanded": false,
			"key": "Shipment"
		},
		{
			"titleI18nKey": "Destroy",
			"icon": "sap-icon://line-chart",
			"expanded": false,
			"key": "Destroy"
		},
		{
			"titleI18nKey": "Buyback",
			"icon": "sap-icon://line-chart",
			"expanded": false,
			"key": "Buyback"
		},
		{
			"titleI18nKey": "Awaiting",
			"icon": "sap-icon://line-chart",
			"expanded": false,
			"key": "Awaiting"
		},
		{
			"titleI18nKey": "METWorklist",
			"icon": "sap-icon://line-chart",
			"expanded": false,
			"key": "MET"
		},
		{
			"titleI18nKey": "CageAudit",
			"icon": "sap-icon://line-chart",
			"expanded": false,
			"key": "CageAudit"
		},
		{
			"titleI18nKey": "CageReport",
			"icon": "sap-icon://line-chart",
			"expanded": false,
			"key": "CageReport"
		}
	]
}