<core:FragmentDefinition xmlns="sap.m" xmlns:l="sap.ui.layout" xmlns:f="sap.ui.layout.form" xmlns:core="sap.ui.core"
	xmlns:smartField="sap.ui.comp.smartfield">
	<Dialog id="Dialog1" title="{i18n>AdvancedSearch}" showHeader="false" contentWidth="25rem">
		<content>
			<Panel width="100%">
				<l:VerticalLayout width="100%">
					<Label id="oSelectionLabel" text="{i18n>Selection}"/>
					<Select id="idSelection" forceSelection="true" change="onStoreSelectionChange">
						<items>
							<core:Item key="0" text="{i18n>Select}"/>
							<core:Item key="1" text="{i18n>Region}"/>
							<core:Item key="2" text="{i18n>District}"/>
							<core:Item key="3" text="{i18n>Store}"/>
						</items>
					</Select>
					<Select width="100%" id="idRegion" items="{oRegionModel>/results}" change="onRegionChange" visible="false">
						<items>
							<core:Item text="{oRegionModel>Region_desc}" key="{oRegionModel>Region}"/>
						</items>
					</Select>
					<Select width="100%" id="idDistrict" items="{oDistrictModel>/results}" change="onDistrictChange" visible="false">
						<items>
							<core:Item text="{oDistrictModel>Dist_desc}" key="{oDistrictModel>Dist}"/>
						</items>
					</Select>
					<Input id="idStore" showSuggestion="true" suggest="handleStoreSuggest" placeholder="{i18n>searchStore}" liveChange="onStoreInp"
						suggestionItemSelected="onStoreChange" suggestionItems="{oStoreModel>/results}" visible="false">
						<suggestionItems>
							<core:Item text="{oStoreModel>Site_desc}"/>
						</suggestionItems>
					</Input>
					<Label id="oDateLabel" text="{i18n>createdDate}"/>
					<DateRangeSelection id="idDateSelection" change="onDateRangeSelection" placeholder="mm/dd/yyyy - mm/dd/yyyy"/>
					<Label text="{i18n>ArticleUPC}"/>
					<Input width="100%" id="idArticle" maxLength="18" class="ArticleField" type="Text" liveChange="onArticleLiveChange">
						<customData>
							<core:CustomData key="oldValue" value=""/>
						</customData>
					</Input>
					<Label text="{i18n>Vendors}"/>
					<smartField:SmartField width="100%" value="{LIFNR}" id="idVendor" initialise="smartInit1" showSuggestion="true" showValueHelp="true"
						showValueStateMessage="true" change="onVendorChange"/>
					<Label text="{i18n>Origin}"/>
					<Select width="100%" id="idOriginCode" items="{/OriginSet}" change="onOriginChange">
						<items>
							<core:Item text="{Description}" key="{Code}"/>
						</items>
					</Select>
					<Label text="{i18n>Order}"/>
					<Input width="100%" maxLength="10" id="idOrder" value="{/SearchSet('1')/RtvNum}"/>
					<Label text="{i18n>Status}"/>
					<Select width="100%" id="idStatusCode" items="{/StatusSet}" change="onStatusChange">
						<items>
							<core:Item text="{Description}" key="{Code}"/>
						</items>
					</Select>
				</l:VerticalLayout>
			</Panel>
			<Toolbar width="100%" id="toolbar1" design="Auto" class="customToolbar">
				<content>
					<ToolbarSpacer/>
					<Button id="addButton" text="{i18n>Search}" type="Accept" press="onDialogRTVSearchPress"/>
					<Button id="resetButton" text="{i18n>Reset}" press="onDialogRTVResetPress"/>
					<Button id="backButton" text="{i18n>Back}" press="onDialogRTVBackPress"/>
				</content>
			</Toolbar>
		</content>
	</Dialog>
</core:FragmentDefinition>